{
  "suggested_max_lr": 0.0008697490026177834,
  "min_loss": 7.023097816164187,
  "min_loss_lr": 0.008697490026177835,
  "start_lr": 1e-06,
  "end_lr": 1,
  "num_iter": 100
}